# students

insert into student
    (id, first_name, last_name, id_number, username, password) 
    values (1, 'Bank', 'Aldcorn', 'A17095942', 'baldcorn0', 'TUD3Y9SsQ');
insert into student 
    (id, first_name, last_name, id_number, username, password) 
    values (2, 'Essy', 'Braker', 'A47144913', 'ebraker1', 'y1cPNmHJu4E');
insert into student 
    (id, first_name, last_name, id_number, username, password) 
    values (3, 'Lexine', 'Kilborn', 'A13183857', 'lkilborn2', 'VxvsuHeQZRSf');
insert into student 
    (id, first_name, last_name, id_number, username, password) 
    values (4, 'Amelita', 'Lotterington', 'A72530608', 'alotterington3', '6BVaa2mkh6y0');
insert into student 
    (id, first_name, last_name, id_number, username, password) 
    values (5, 'Loralie', 'Harder', 'A82220587', 'lharder4', 'Ht6FPE1m5');
insert into student 
    (id, first_name, last_name, id_number, username, password) 
    values (6, 'Coleman', 'Pindred', 'A90911444', 'cpindred5', 'i3mocIUFrp');
insert into student 
    (id, first_name, last_name, id_number, username, password) 
    values (7, 'Gilbertine', 'Barnewelle', 'A08930951', 'gbarnewelle6', 'IfyTPPNU');
insert into student 
    (id, first_name, last_name, id_number, username, password) 
    values (8, 'Salmon', 'Matusson', 'A20089285', 'smatusson7', '9fYeE52K4');
insert into student 
    (id, first_name, last_name, id_number, username, password) 
    values (9, 'Meris', 'Deare', 'A60334134', 'mdeare8', 'cHvojSSxl');
insert into student 
    (id, first_name, last_name, id_number, username, password) 
    values (10, 'Ivor', 'Dicey', 'A67364260', 'idicey9', 'PJDnz1WSj2');

# spring courses

insert into course (id, course_number, title, credit) values (1, 'FND 102', 'Freshman Seminar 2', 3);
insert into course (id, course_number, title, credit) values (2, 'ENV 202', 'Projects in Environmental Sciences', 3);
insert into course (id, course_number, title, credit) values (3, 'CSE 171', 'Physics and Chemistry in Life Science', 3);
insert into course (id, course_number, title, credit) values (4, 'CSE 120', 'Introduction to the World of Programming', 3);
insert into course (id, course_number, title, credit) values (5, 'CS 104', 'Linear Algebra', 3);
insert into course (id, course_number, title, credit) values (6, 'CS 107', 'Probability', 3);
insert into course (id, course_number, title, credit) values (7, 'CSE 220', 'Tomorrows Technologies', 3);
insert into course (id, course_number, title, credit) values (8, 'CSE 162', 'Introduction to Bioscience and its Impact on Research Business and Soc', 3);
insert into course (id, course_number, title, credit) values (9, 'CS 100', 'Calculus 1', 3);
insert into course (id, course_number, title, credit) values (10, 'CS 103', 'Real Analysis', 3);
insert into course (id, course_number, title, credit) values (11, 'CS 213', 'Optimization', 3);
insert into course (id, course_number, title, credit) values (12, 'CS 101', 'Calculus 2', 3);
insert into course (id, course_number, title, credit) values (13, 'CS 251', 'Machine Learning', 3);
insert into course (id, course_number, title, credit) values (14, 'CS 230', 'Software Testing Foundations', 3);
insert into course (id, course_number, title, credit) values (15, 'FND 104', 'Armenian Language & Literature 2', 3);
insert into course (id, course_number, title, credit) values (16, 'CSE 131', 'Industrial Technologies', 3);
insert into course (id, course_number, title, credit) values (17, 'CHSS 184', 'Social Psychology', 3);
insert into course (id, course_number, title, credit) values (18, 'FND 222', 'Armenian History 2', 3);
insert into course (id, course_number, title, credit) values (19, 'CHSS 185', 'Intro to Genocide Studies', 3);
insert into course (id, course_number, title, credit) values (20, 'CHSS 141', 'Understanding the Twentieth Century through Music', 3);
insert into course (id, course_number, title, credit) values (21, 'CHSS 261', 'Armenian Literature in Perspective', 3);
insert into course (id, course_number, title, credit) values (22, 'CHSS 128', 'History of the Modern World', 3);
insert into course (id, course_number, title, credit) values (23, 'CHSS 235', 'Women/Gender and the Visual Arts', 3);
insert into course (id, course_number, title, credit) values (24, 'CHSS 203', 'Introduction to the Philosophy of Mind', 3);
insert into course (id, course_number, title, credit) values (25, 'CHSS 189', 'Gender Perspectives', 3);
insert into course (id, course_number, title, credit) values (26, 'CSE 190', 'Engineering for non-Engineers', 3);
insert into course (id, course_number, title, credit) values (27, 'CHSS 222', 'Soviet Armenia', 3);
insert into course (id, course_number, title, credit) values (28, 'PSIA 101', 'Introduction to Political Science', 3);
insert into course (id, course_number, title, credit) values (29, 'CHSS 152', 'Introduction to Korean Language and Culture', 3);
insert into course (id, course_number, title, credit) values (30, 'LAW 201', 'Armenian Constitution', 3);
insert into course (id, course_number, title, credit) values (31, 'CSE 264', 'The Human Brain', 3);
insert into course (id, course_number, title, credit) values (32, 'ENV 150', 'Basics of Sustainable Energy', 3);
insert into course (id, course_number, title, credit) values (33, 'CSE 130', 'Technology Marketing', 3);
insert into course (id, course_number, title, credit) values (34, 'CHSS 125', 'History of the Middle East', 3);
insert into course (id, course_number, title, credit) values (35, 'CHSS 155', 'Introduction to Russian language and culture', 3);
insert into course (id, course_number, title, credit) values (36, 'ENV 140', 'Solid and Hazardous Waste', 3);
insert into course (id, course_number, title, credit) values (37, 'CHSS 140', 'Music Appreciation', 3);
insert into course (id, course_number, title, credit) values (38, 'CSE 111', 'The Scientific Method and Critical Thinking', 3);
insert into course (id, course_number, title, credit) values (39, 'CHSS 159', 'Introduction to Chinese Language and Culture', 3);
insert into course (id, course_number, title, credit) values (40, 'ENV 170', 'Chemistry in Everyday Life', 3);
insert into course (id, course_number, title, credit) values (41, 'CSE 145', 'Geographic Information Systems', 3);
insert into course (id, course_number, title, credit) values (42, 'CHSS 285', 'Genocide Studies and Human Rights Seminar', 3);
insert into course (id, course_number, title, credit) values (43, 'CS 120', 'Introduction to Object-Oriented Programming', 3);

-- fall
insert into course (id, course_number, title, credit) values (44, 'FND101', 'Freshman Seminar 1', 3);
--

insert into course (id, course_number, title, credit) values (45, 'CS 121', 'Data Structures', 3);
insert into course (id, course_number, title, credit) values (46, 'CS 211', 'Introduction to Algorithms', 3);
insert into course (id, course_number, title, credit) values (47, 'CS 108', 'Statistics', 3);
insert into course (id, course_number, title, credit) values (48, 'CS 290', 'Special Topics in Applied Computer Science', 3);
insert into course (id, course_number, title, credit) values (49, 'CS 132', 'Theory of Communication Networks', 3);
insert into course (id, course_number, title, credit) values (50, 'CS 232', 'Cybersecurity', 3);
insert into course (id, course_number, title, credit) values (51, 'CHSS 292', 'Gender and Social Change', 3);
insert into course (id, course_number, title, credit) values (52, 'PH 201', 'Global Health', 3);
insert into course (id, course_number, title, credit) values (53, 'PSIA 103', 'Introduction to Armenian Government', 3);
insert into course (id, course_number, title, credit) values (54, 'LAW 142', 'Introduction to Human Rights', 3);
insert into course (id, course_number, title, credit) values (55, 'PSIA 281', 'Development Policy', 3);

-- many OR prerequisites
insert into course (id, course_number, title, credit) values (56, 'CHSS 210', 'Philosophy, Politics and Economics Seminar', 3);
--

insert into course (id, course_number, title, credit) values (57, 'ENV 130', 'Plants and Society', 3);
insert into course (id, course_number, title, credit) values (58, 'CHSS 272', 'Comparative Religion', 3);
insert into course (id, course_number, title, credit) values (59, 'CHSS 211', 'Great Books', 3);
insert into course (id, course_number, title, credit) values (60, 'CHSS 251', 'Topics in Cinema', 3);
insert into course (id, course_number, title, credit) values (61, 'CHSS 220', 'The Study of History', 3);
insert into course (id, course_number, title, credit) values (62, 'CHSS 290', 'Cultural Geography', 3);
insert into course (id, course_number, title, credit) values (63, 'CSE 281', 'Design Thinking', 3);
insert into course (id, course_number, title, credit) values (64, 'PSIA 205', 'Introduction to International Relations', 3);
insert into course (id, course_number, title, credit) values (65, 'CHSS 250', 'Professional Communication in Armenian', 3);
insert into course (id, course_number, title, credit) values (66, 'CHSS 201', 'Comparative Education', 3);
insert into course (id, course_number, title, credit) values (67, 'CHSS 281', 'Human Development & Personality', 3);
insert into course (id, course_number, title, credit) values (68, 'ENV 101', 'Introduction to Environmental Sciences', 3);
insert into course (id, course_number, title, credit) values (69, 'PSIA 271', 'Religion & Politics', 3);
insert into course (id, course_number, title, credit) values (70, 'CHSS 230', 'Asian Art', 3);
insert into course (id, course_number, title, credit) values (71, 'CHSS 282', 'Trade', 3);
insert into course (id, course_number, title, credit) values (72, 'LAW 160', 'Law & Justice in Popular Culture', 3);

-- fall
insert into course (id, course_number, title, credit) values (73, 'CS 111', 'Discrete Mathematics', 3);
insert into course (id, course_number, title, credit) values (74, 'CS 102', 'Calculus 3', 3);
insert into course (id, course_number, title, credit) values (75, 'CS 112', 'Numerical Analysis', 3);
insert into course (id, course_number, title, credit) values (76, 'FND 103', 'Armenian Language & Literature 1', 3);
insert into course (id, course_number, title, credit) values (77, 'FND 221', 'Armenian History 1', 3);
insert into course (id, course_number, title, credit) values (78, 'CS 110', 'Introduction to Computer Science', 3);
--


# spring course sections

# FND 102
insert into course_section (id, course_id, section_name, term, instructor_name, week_days, start_time, end_time) values (1, 1, 'A', 'Spring', 'Karayan', 'MWF', '09:30:00', '10:20:00');
insert into course_section (id, course_id, section_name, term, instructor_name, week_days, start_time, end_time) values (2, 1, 'B', 'Spring', '', 'MWF', '08:30:00', '09:20:00');
insert into course_section (id, course_id, section_name, term, instructor_name, week_days, start_time, end_time) values (3, 1, 'C', 'Spring', 'Grigorian', 'MWF', '11:30:00', '12:20:00');
insert into course_section (id, course_id, section_name, term, instructor_name, week_days, start_time, end_time) values (4, 1, 'D', 'Spring', '', 'MWF', '11:30:00', '12:20:00');
insert into course_section (id, course_id, section_name, term, instructor_name, week_days, start_time, end_time) values (5, 1, 'E', 'Spring', 'Aghamalyan', 'MWF', '12:30:00', '13:20:00');
insert into course_section (id, course_id, section_name, term, instructor_name, week_days, start_time, end_time) values (6, 1, 'F', 'Spring', 'Khalapyan', 'MWF', '10:30:00', '11:20:00');
insert into course_section (id, course_id, section_name, term, instructor_name, week_days, start_time, end_time) values (7, 1, 'G', 'Spring', 'Gouchtchian', 'MWF', '13:30:00', '14:20:00');
insert into course_section (id, course_id, section_name, term, instructor_name, week_days, start_time, end_time) values (8, 1, 'H', 'Spring', 'Minassian', 'TH', '09:00:00', '10:20:00');
insert into course_section (id, course_id, section_name, term, instructor_name, week_days, start_time, end_time) values (9, 1, 'I', 'Spring', 'Antonyan', 'TH', '09:00:00', '10:20:00');
insert into course_section (id, course_id, section_name, term, instructor_name, week_days, start_time, end_time) values (10, 1, 'J', 'Spring', 'Bashan', 'TH', '10:30:00', '11:50:00');
insert into course_section (id, course_id, section_name, term, instructor_name, week_days, start_time, end_time) values (11, 1, 'K', 'Spring', 'Hayes', 'MWF', '09:30:00', '10:20:00');
insert into course_section (id, course_id, section_name, term, instructor_name, week_days, start_time, end_time) values (12, 1, 'L', 'Spring', 'Daghlian', 'TH', '10:30:00', '11:50:00');
insert into course_section (id, course_id, section_name, term, instructor_name, week_days, start_time, end_time) values (13, 1, 'M', 'Spring', 'Papazian', 'TH', '12:00:00', '13:20:00');
insert into course_section (id, course_id, section_name, term, instructor_name, week_days, start_time, end_time) values (14, 1, 'N', 'Spring', 'Gasparyan', 'TH', '12:00:00', '13:20:00');
insert into course_section (id, course_id, section_name, term, instructor_name, week_days, start_time, end_time) values (15, 1, 'P', 'Spring', 'Garbis', 'MWF', '15:30:00', '16:20:00');
insert into course_section (id, course_id, section_name, term, instructor_name, week_days, start_time, end_time) values (16, 1, 'Q', 'Spring', 'Goroyan', 'MWF', '13:30:00', '14:20:00');
insert into course_section (id, course_id, section_name, term, instructor_name, week_days, start_time, end_time) values (17, 1, 'S', 'Spring', 'Santrosyan', 'MWF', '12:30:00', '13:20:00');
insert into course_section (id, course_id, section_name, term, instructor_name, week_days, start_time, end_time) values (18, 1, 'T', 'Spring', 'Karayan', 'MWF', '10:30:00', '11:20:00');
insert into course_section (id, course_id, section_name, term, instructor_name, week_days, start_time, end_time) values (19, 1, 'U', 'Spring', '', 'TH', '10:30:00', '11:50:00');

# no section
insert into course_section (id, course_id, section_name, term, instructor_name, week_days, start_time, end_time) values (20, 2, '', 'Spring', 'Ben Ohanian', 'MWF', '09:30:00', '10:20:00');
insert into course_section (id, course_id, section_name, term, instructor_name, week_days, start_time, end_time) values (21, 3, '', 'Spring', '', 'MWF', '09:30:00', '10:20:00');
insert into course_section (id, course_id, section_name, term, instructor_name, week_days, start_time, end_time) values (22, 4, '', 'Spring', 'Mnatsakanyan', 'MWF', '13:30:00', '14:20:00');

# CS 104
insert into course_section (id, course_id, section_name, term, instructor_name, week_days, start_time, end_time) values (23, 5, 'A', 'Spring', '', 'MWF', '09:30:00', '10:20:00');
insert into course_section (id, course_id, section_name, term, instructor_name, week_days, start_time, end_time) values (24, 5, 'B', 'Spring', '', 'MWF', '10:30:00', '11:20:00');
insert into course_section (id, course_id, section_name, term, instructor_name, week_days, start_time, end_time) values (25, 5, 'C', 'Spring', '', 'MWF', '11:30:00', '12:20:00');

# CS 107
insert into course_section (id, course_id, section_name, term, instructor_name, week_days, start_time, end_time) values (26, 6, 'A', 'Spring', '', 'MWF', '09:30:00', '10:20:00');
insert into course_section (id, course_id, section_name, term, instructor_name, week_days, start_time, end_time) values (27, 6, 'B', 'Spring', '', 'MWF', '10:30:00', '11:20:00');

# no section
insert into course_section (id, course_id, section_name, term, instructor_name, week_days, start_time, end_time) values (28, 7, '', 'Spring', 'Amalya Kostanyan', 'TH', '10:30:00', '11:50:00');
insert into course_section (id, course_id, section_name, term, instructor_name, week_days, start_time, end_time) values (29, 8, '', 'Spring', '', 'MWF', '09:30:00', '10:20:00');
insert into course_section (id, course_id, section_name, term, instructor_name, week_days, start_time, end_time) values (30, 9, '', 'Spring', '', 'MWF', '09:30:00', '10:20:00');

# CS 103
insert into course_section (id, course_id, section_name, term, instructor_name, week_days, start_time, end_time) values (31, 10, 'A', 'Spring', '', 'MWF', '09:30:00', '10:20:00');
insert into course_section (id, course_id, section_name, term, instructor_name, week_days, start_time, end_time) values (32, 10, 'B', 'Spring', '', 'MWF', '10:30:00', '11:20:00');

# CS 213
insert into course_section (id, course_id, section_name, term, instructor_name, week_days, start_time, end_time) values (33, 11, 'A', 'Spring', '', 'MWF', '09:30:00', '10:20:00');
insert into course_section (id, course_id, section_name, term, instructor_name, week_days, start_time, end_time) values (34, 11, 'B', 'Spring', '', 'MWF', '10:30:00', '11:20:00');

# CS 101
insert into course_section (id, course_id, section_name, term, instructor_name, week_days, start_time, end_time) values (35, 12, 'A', 'Spring', '', 'MWF', '10:30:00', '11:20:00');
insert into course_section (id, course_id, section_name, term, instructor_name, week_days, start_time, end_time) values (36, 12, 'B', 'Spring', '', 'MWF', '11:30:00', '12:20:00');

# no section
insert into course_section (id, course_id, section_name, term, instructor_name, week_days, start_time, end_time) values (37, 13, '', 'Spring', '', 'MWF', '10:30:00', '11:20:00');
insert into course_section (id, course_id, section_name, term, instructor_name, week_days, start_time, end_time) values (38, 14, '', 'Spring', '', 'MWF', '11:30:00', '12:20:00');

# FND 104
insert into course_section (id, course_id, section_name, term, instructor_name, week_days, start_time, end_time) values (39, 15, 'A', 'Spring', 'Gouchtchian', 'TH', '12:00:00', '13:20:00');
insert into course_section (id, course_id, section_name, term, instructor_name, week_days, start_time, end_time) values (40, 15, 'B', 'Spring', 'Hovhannisyan', 'MWF', '12:30:00', '13:20:00');
insert into course_section (id, course_id, section_name, term, instructor_name, week_days, start_time, end_time) values (41, 15, 'C', 'Spring', 'Dvoyan', 'MWF', '12:30:00', '13:20:00');
insert into course_section (id, course_id, section_name, term, instructor_name, week_days, start_time, end_time) values (42, 15, 'D', 'Spring', 'Danielyan', 'MWF', '12:30:00', '13:20:00');
insert into course_section (id, course_id, section_name, term, instructor_name, week_days, start_time, end_time) values (43, 15, 'E', 'Spring', 'Marashlian', 'TH', '12:00:00', '13:20:00');
insert into course_section (id, course_id, section_name, term, instructor_name, week_days, start_time, end_time) values (44, 15, 'F', 'Spring', 'Danielyan', 'MWF', '14:30:00', '15:20:00');
insert into course_section (id, course_id, section_name, term, instructor_name, week_days, start_time, end_time) values (45, 15, 'G', 'Spring', 'Mnatsakanyan', 'TH', '10:30:00', '11:50:00');
insert into course_section (id, course_id, section_name, term, instructor_name, week_days, start_time, end_time) values (46, 15, 'H', 'Spring', 'Sargsyan', 'MWF', '13:30:00', '14:20:00');
insert into course_section (id, course_id, section_name, term, instructor_name, week_days, start_time, end_time) values (47, 15, 'I', 'Spring', 'Karapetyan', 'MWF', '15:30:00', '16:20:00');

# no section
insert into course_section (id, course_id, section_name, term, instructor_name, week_days, start_time, end_time) values (48, 16, 'Z', 'Spring', 'Hambaryan', 'MWF', '12:30:00', '13:20:00');
insert into course_section (id, course_id, section_name, term, instructor_name, week_days, start_time, end_time) values (49, 17, 'U', 'Spring', 'Khalapyan', 'MWF', '12:30:00', '13:20:00');

# FND 222
insert into course_section (id, course_id, section_name, term, instructor_name, week_days, start_time, end_time) values (50, 18, 'A', 'Spring', 'Matosyan', 'TH', '12:00:00', '13:20:00');
insert into course_section (id, course_id, section_name, term, instructor_name, week_days, start_time, end_time) values (51, 18, 'B', 'Spring', 'Gevorgyan', 'TH', '15:00:00', '16:20:00');
insert into course_section (id, course_id, section_name, term, instructor_name, week_days, start_time, end_time) values (52, 18, 'C', 'Spring', 'Mkrtchyan', 'MWF', '12:30:00', '13:20:00');
insert into course_section (id, course_id, section_name, term, instructor_name, week_days, start_time, end_time) values (53, 18, 'D', 'Spring', 'Hovhannisyan', 'MWF', '13:30:00', '14:20:00');
insert into course_section (id, course_id, section_name, term, instructor_name, week_days, start_time, end_time) values (54, 18, 'E', 'Spring', 'Voskanyan', 'MWF', '12:30:00', '13:20:00');
insert into course_section (id, course_id, section_name, term, instructor_name, week_days, start_time, end_time) values (55, 18, 'F', 'Spring', 'Stepanyan', 'MWF', '14:30:00', '15:20:00');
insert into course_section (id, course_id, section_name, term, instructor_name, week_days, start_time, end_time) values (56, 18, 'G', 'Spring', ' Safrastyan', 'TH', '12:00:00', '13:20:00');
insert into course_section (id, course_id, section_name, term, instructor_name, week_days, start_time, end_time) values (57, 18, 'H', 'Spring', 'Matosyan', 'TH', '13:30:00', '14:50:00');
insert into course_section (id, course_id, section_name, term, instructor_name, week_days, start_time, end_time) values (58, 18, 'I', 'Spring', 'Minasyan', 'TH', '13:30:00', '14:50:00');
insert into course_section (id, course_id, section_name, term, instructor_name, week_days, start_time, end_time) values (59, 18, 'J', 'Spring', 'Aleksanyan', 'TH', '12:00:00', '13:20:00');

# no section
insert into course_section (id, course_id, section_name, term, instructor_name, week_days, start_time, end_time) values (60, 19, '', 'Spring', 'Matosyan', 'MWF', '12:30:00', '13:20:00');
insert into course_section (id, course_id, section_name, term, instructor_name, week_days, start_time, end_time) values (61, 20, '', 'Spring', 'Avanesov', 'MWF', '13:30:00', '14:20:00');
insert into course_section (id, course_id, section_name, term, instructor_name, week_days, start_time, end_time) values (62, 21, '', 'Spring', 'Dvoyan', 'MWF', '14:30:00', '15:20:00');
insert into course_section (id, course_id, section_name, term, instructor_name, week_days, start_time, end_time) values (63, 22, '', 'Spring', 'Areshian', 'MWF', '14:30:00', '15:20:00');
insert into course_section (id, course_id, section_name, term, instructor_name, week_days, start_time, end_time) values (64, 23, '', 'Spring', 'Injejikian', 'MWF', '14:30:00', '15:20:00');
insert into course_section (id, course_id, section_name, term, instructor_name, week_days, start_time, end_time) values (65, 24, '', 'Spring', 'Balayan', 'MWF', '14:30:00', '15:20:00');
insert into course_section (id, course_id, section_name, term, instructor_name, week_days, start_time, end_time) values (66, 25, '', 'Spring', 'Khalapyan', 'MWF', '14:30:00', '15:20:00');
insert into course_section (id, course_id, section_name, term, instructor_name, week_days, start_time, end_time) values (67, 26, '', 'Spring', 'Kostanyan', 'MWF', '14:30:00', '15:20:00');
insert into course_section (id, course_id, section_name, term, instructor_name, week_days, start_time, end_time) values (68, 27, '', 'Spring', 'Voskanyan', 'MWF', '14:30:00', '15:20:00');
insert into course_section (id, course_id, section_name, term, instructor_name, week_days, start_time, end_time) values (69, 28, '', 'Spring', 'Paturyan', 'MWF', '15:30:00', '16:20:00');
insert into course_section (id, course_id, section_name, term, instructor_name, week_days, start_time, end_time) values (70, 29, '', 'Spring', 'Gevorgyan', 'MWF', '15:30:00', '16:20:00');
insert into course_section (id, course_id, section_name, term, instructor_name, week_days, start_time, end_time) values (71, 30, '', 'Spring', 'Sahakyan', 'MWF', '15:30:00', '16:20:00');
insert into course_section (id, course_id, section_name, term, instructor_name, week_days, start_time, end_time) values (72, 31, '', 'Spring', 'Danilova', 'MWF', '15:30:00', '16:20:00');
insert into course_section (id, course_id, section_name, term, instructor_name, week_days, start_time, end_time) values (73, 32, '', 'Spring', 'Pasoyan', 'MWF', '15:30:00', '16:20:00');
insert into course_section (id, course_id, section_name, term, instructor_name, week_days, start_time, end_time) values (74, 33, '', 'Spring', 'Davidian', 'MWF', '16:30:00', '17:20:00');
insert into course_section (id, course_id, section_name, term, instructor_name, week_days, start_time, end_time) values (75, 34, '', 'Spring', 'Areshian', 'MWF', '16:30:00', '17:20:00');
insert into course_section (id, course_id, section_name, term, instructor_name, week_days, start_time, end_time) values (76, 35, '', 'Spring', 'Vahanyan', 'MWF', '16:30:00', '17:20:00');
insert into course_section (id, course_id, section_name, term, instructor_name, week_days, start_time, end_time) values (77, 36, '', 'Spring', 'Alpetyan', 'MWF', '16:30:00', '17:20:00');
insert into course_section (id, course_id, section_name, term, instructor_name, week_days, start_time, end_time) values (78, 37, '', 'Spring', 'Avanesov', 'MWF', '16:30:00', '17:20:00');
insert into course_section (id, course_id, section_name, term, instructor_name, week_days, start_time, end_time) values (79, 38, '', 'Spring', 'Davidian', 'MWF', '17:30:00', '18:20:00');
insert into course_section (id, course_id, section_name, term, instructor_name, week_days, start_time, end_time) values (80, 39, '', 'Spring', 'Grigoryan', 'MWF', '17:30:00', '18:20:00');
insert into course_section (id, course_id, section_name, term, instructor_name, week_days, start_time, end_time) values (81, 40, '', 'Spring', 'Sargsyan', 'TH', '09:00:00', '10:20:00');
insert into course_section (id, course_id, section_name, term, instructor_name, week_days, start_time, end_time) values (82, 41, '', 'Spring', 'Harutyunyan', 'TH', '12:00:00', '13:20:00');
insert into course_section (id, course_id, section_name, term, instructor_name, week_days, start_time, end_time) values (83, 42, '', 'Spring', 'Manukyan', 'TH', '12:00:00', '13:20:00');

# CS 120
insert into course_section (id, course_id, section_name, term, instructor_name, week_days, start_time, end_time) values (84, 43, 'A', 'Spring', '', 'TH', '09:00:00', '10:20:00');
insert into course_section (id, course_id, section_name, term, instructor_name, week_days, start_time, end_time) values (85, 43, 'B', 'Spring', '', 'TH', '10:30:00', '11:50:00');
insert into course_section (id, course_id, section_name, term, instructor_name, week_days, start_time, end_time) values (86, 43, 'C', 'Spring', '', 'TH', '12:00:00', '13:20:00');

# no section
insert into course_section (id, course_id, section_name, term, instructor_name, week_days, start_time, end_time) values (88, 45, '', 'Spring', '', 'TH', '09:00:00', '10:20:00');

# CS 211
insert into course_section (id, course_id, section_name, term, instructor_name, week_days, start_time, end_time) values (89, 46, 'A', 'Spring', '', 'TH', '09:00:00', '10:20:00');
insert into course_section (id, course_id, section_name, term, instructor_name, week_days, start_time, end_time) values (90, 46, 'B', 'Spring', '', 'TH', '10:30:00', '11:50:00');

# no section
insert into course_section (id, course_id, section_name, term, instructor_name, week_days, start_time, end_time) values (91, 47, '', 'Spring', '', 'TH', '10:30:00', '11:50:00');
insert into course_section (id, course_id, section_name, term, instructor_name, week_days, start_time, end_time) values (92, 48, '', 'Spring', 'Deravanessian', 'TH', '10:30:00', '11:50:00');
insert into course_section (id, course_id, section_name, term, instructor_name, week_days, start_time, end_time) values (93, 49, '', 'Spring', '', 'TH', '10:30:00', '11:50:00');
insert into course_section (id, course_id, section_name, term, instructor_name, week_days, start_time, end_time) values (94, 50, '', 'Spring', '', 'TH', '12:00:00', '13:20:00');
insert into course_section (id, course_id, section_name, term, instructor_name, week_days, start_time, end_time) values (95, 51, '', 'Spring', 'Attarian', 'TH', '12:00:00', '13:20:00');
insert into course_section (id, course_id, section_name, term, instructor_name, week_days, start_time, end_time) values (96, 52, '', 'Spring', 'Khachadourian/ Musheghyan', 'TH', '12:00:00', '13:20:00');
insert into course_section (id, course_id, section_name, term, instructor_name, week_days, start_time, end_time) values (97, 53, '', 'Spring', 'Babayan', 'TH', '12:00:00', '13:20:00');
insert into course_section (id, course_id, section_name, term, instructor_name, week_days, start_time, end_time) values (98, 54, '', 'Spring', 'Tatoyan', 'TH', '13:30:00', '14:50:00');
insert into course_section (id, course_id, section_name, term, instructor_name, week_days, start_time, end_time) values (99, 55, '', 'Spring', 'Fuller', 'TH', '13:30:00', '14:50:00');
insert into course_section (id, course_id, section_name, term, instructor_name, week_days, start_time, end_time) values (100, 56, '', 'Spring', 'Balayan/Clarke', 'TH', '13:30:00', '14:50:00');
insert into course_section (id, course_id, section_name, term, instructor_name, week_days, start_time, end_time) values (101, 57, '', 'Spring', 'Elagoz', 'TH', '13:30:00', '14:50:00');
insert into course_section (id, course_id, section_name, term, instructor_name, week_days, start_time, end_time) values (102, 58, '', 'Spring', 'Hovhannisyan', 'TH', '13:30:00', '14:50:00');
insert into course_section (id, course_id, section_name, term, instructor_name, week_days, start_time, end_time) values (103, 59, '', 'Spring', 'Samuelian', 'TH', '13:30:00', '14:50:00');
insert into course_section (id, course_id, section_name, term, instructor_name, week_days, start_time, end_time) values (104, 60, '', 'Spring', 'Tjeknavorian', 'TH', '15:00:00', '16:20:00');
insert into course_section (id, course_id, section_name, term, instructor_name, week_days, start_time, end_time) values (105, 61, '', 'Spring', 'Areshian', 'TH', '15:00:00', '16:20:00');
insert into course_section (id, course_id, section_name, term, instructor_name, week_days, start_time, end_time) values (106, 62, '', 'Spring', 'Papazian', 'TH', '15:00:00', '16:20:00');
insert into course_section (id, course_id, section_name, term, instructor_name, week_days, start_time, end_time) values (107, 63, '', 'Spring', 'Derderian', 'TH', '15:00:00', '17:30:00');
insert into course_section (id, course_id, section_name, term, instructor_name, week_days, start_time, end_time) values (108, 64, '', 'Spring', 'Avedissian', 'TH', '15:00:00', '16:20:00');
insert into course_section (id, course_id, section_name, term, instructor_name, week_days, start_time, end_time) values (109, 65, '', 'Spring', 'Danielyan', 'TH', '15:00:00', '16:20:00');
insert into course_section (id, course_id, section_name, term, instructor_name, week_days, start_time, end_time) values (111, 66, '', 'Spring', 'Attarian', 'TH', '15:00:00', '16:20:00');
insert into course_section (id, course_id, section_name, term, instructor_name, week_days, start_time, end_time) values (112, 67, '', 'Spring', 'Gasparyan', 'TH', '16:30:00', '17:50:00');
insert into course_section (id, course_id, section_name, term, instructor_name, week_days, start_time, end_time) values (113, 68, '', 'Spring', 'Elagoz', 'TH', '16:30:00', '17:50:00');
insert into course_section (id, course_id, section_name, term, instructor_name, week_days, start_time, end_time) values (114, 69, '', 'Spring', 'Hovhannisyan/ Anapiosyan', 'TH', '16:30:00', '17:50:00');
insert into course_section (id, course_id, section_name, term, instructor_name, week_days, start_time, end_time) values (115, 70, '', 'Spring', 'Rhodes', 'TH', '16:30:00', '17:50:00');
insert into course_section (id, course_id, section_name, term, instructor_name, week_days, start_time, end_time) values (116, 71, '', 'Spring', 'Gabrielyan', 'TH', '16:30:00', '17:50:00');
insert into course_section (id, course_id, section_name, term, instructor_name, week_days, start_time, end_time) values (117, 72, '', 'Spring', 'Babayan', 'TH', '15:00:00', '17:30:00');