# spring course categories + fall ones that were prerequisite for the spring ones

insert into course_category (course_id, category_id) values (1, 7);
insert into course_category (course_id, category_id) values (2, 6);
insert into course_category (course_id, category_id) values (3, 6);
insert into course_category (course_id, category_id) values (4, 6);
insert into course_category (course_id, category_id) values (5, 1);
insert into course_category (course_id, category_id) values (6, 1);
insert into course_category (course_id, category_id) values (7, 6);
insert into course_category (course_id, category_id) values (8, 6);
insert into course_category (course_id, category_id) values (9, 1);
insert into course_category (course_id, category_id) values (10, 1);
insert into course_category (course_id, category_id) values (11, 1);
insert into course_category (course_id, category_id) values (12, 1);
insert into course_category (course_id, category_id) values (13, 2);
insert into course_category (course_id, category_id) values (13, 4);
insert into course_category (course_id, category_id) values (14, 2);
insert into course_category (course_id, category_id) values (15, 7);
insert into course_category (course_id, category_id) values (16, 6);
insert into course_category (course_id, category_id) values (17, 6);
insert into course_category (course_id, category_id) values (18, 7);
insert into course_category (course_id, category_id) values (19, 6);
insert into course_category (course_id, category_id) values (20, 6);
insert into course_category (course_id, category_id) values (21, 6);
insert into course_category (course_id, category_id) values (22, 6);
insert into course_category (course_id, category_id) values (23, 6);
insert into course_category (course_id, category_id) values (24, 6);
insert into course_category (course_id, category_id) values (25, 6);
insert into course_category (course_id, category_id) values (26, 6);
insert into course_category (course_id, category_id) values (27, 6);
insert into course_category (course_id, category_id) values (28, 6);
insert into course_category (course_id, category_id) values (29, 6);
insert into course_category (course_id, category_id) values (30, 6);
insert into course_category (course_id, category_id) values (31, 6);
insert into course_category (course_id, category_id) values (32, 6);
insert into course_category (course_id, category_id) values (33, 6);
insert into course_category (course_id, category_id) values (34, 6);
insert into course_category (course_id, category_id) values (35, 6);
insert into course_category (course_id, category_id) values (36, 6);
insert into course_category (course_id, category_id) values (37, 6);
insert into course_category (course_id, category_id) values (38, 6);
insert into course_category (course_id, category_id) values (39, 6);
insert into course_category (course_id, category_id) values (40, 6);
insert into course_category (course_id, category_id) values (41, 6);
insert into course_category (course_id, category_id) values (42, 6);
insert into course_category (course_id, category_id) values (43, 1);
insert into course_category (course_id, category_id) values (45, 1);
insert into course_category (course_id, category_id) values (46, 1);
insert into course_category (course_id, category_id) values (47, 1);
insert into course_category (course_id, category_id) values (48, 2);
insert into course_category (course_id, category_id) values (49, 3);
insert into course_category (course_id, category_id) values (50, 2);
insert into course_category (course_id, category_id) values (51, 6);
insert into course_category (course_id, category_id) values (52, 6);
insert into course_category (course_id, category_id) values (53, 6);
insert into course_category (course_id, category_id) values (54, 6);
insert into course_category (course_id, category_id) values (55, 6);
insert into course_category (course_id, category_id) values (56, 6);
insert into course_category (course_id, category_id) values (57, 6);
insert into course_category (course_id, category_id) values (58, 6);
insert into course_category (course_id, category_id) values (59, 6);
insert into course_category (course_id, category_id) values (60, 6);
insert into course_category (course_id, category_id) values (61, 6);
insert into course_category (course_id, category_id) values (62, 6);
insert into course_category (course_id, category_id) values (63, 6);
insert into course_category (course_id, category_id) values (64, 6);
insert into course_category (course_id, category_id) values (65, 6);
insert into course_category (course_id, category_id) values (66, 6);
insert into course_category (course_id, category_id) values (67, 6);
insert into course_category (course_id, category_id) values (68, 6);
insert into course_category (course_id, category_id) values (69, 6);
insert into course_category (course_id, category_id) values (70, 6);
insert into course_category (course_id, category_id) values (71, 6);
insert into course_category (course_id, category_id) values (72, 6);
insert into course_category (course_id, category_id) values (73, 1);
insert into course_category (course_id, category_id) values (74, 1);
insert into course_category (course_id, category_id) values (75, 1);
insert into course_category (course_id, category_id) values (76, 7);
insert into course_category (course_id, category_id) values (77, 7);
insert into course_category (course_id, category_id) values (78, 1);

# spring course prerequisites + fall ones that were prerequisite for the spring ones

insert into course_prerequisite (course_id, prerequisite_course_id) values (1, 44);
insert into course_prerequisite (course_id, prerequisite_course_id) values (6, 12);
insert into course_prerequisite (course_id, prerequisite_course_id) values (6, 73);
insert into course_prerequisite (course_id, prerequisite_course_id) values (10, 74);
insert into course_prerequisite (course_id, prerequisite_course_id) values (74, 12);
insert into course_prerequisite (course_id, prerequisite_course_id) values (74, 5);
insert into course_prerequisite (course_id, prerequisite_course_id) values (11, 74);
insert into course_prerequisite (course_id, prerequisite_course_id) values (11, 75);
insert into course_prerequisite (course_id, prerequisite_course_id) values (75, 12);
insert into course_prerequisite (course_id, prerequisite_course_id) values (75, 5);
insert into course_prerequisite (course_id, prerequisite_course_id) values (12, 9);
insert into course_prerequisite (course_id, prerequisite_course_id) values (13, 47);
insert into course_prerequisite (course_id, prerequisite_course_id) values (15, 76);
insert into course_prerequisite (course_id, prerequisite_course_id) values (76, 1);
insert into course_prerequisite (course_id, prerequisite_course_id) values (18, 77);
insert into course_prerequisite (course_id, prerequisite_course_id) values (77, 15);
insert into course_prerequisite (course_id, prerequisite_course_id) values (43, 78);
insert into course_prerequisite (course_id, prerequisite_course_id) values (45, 43);
insert into course_prerequisite (course_id, prerequisite_course_id) values (45, 73);
insert into course_prerequisite (course_id, prerequisite_course_id) values (46, 45);
insert into course_prerequisite (course_id, prerequisite_course_id) values (47, 6);
insert into course_prerequisite (course_id, prerequisite_course_id) values (48, 45);
insert into course_prerequisite (course_id, prerequisite_course_id) values (49, 45);

# course clusters
insert into course_cluster (course_id, cluster_id) values (2, 7);
insert into course_cluster (course_id, cluster_id) values (2, 8);
insert into course_cluster (course_id, cluster_id) values (2, 9);
insert into course_cluster (course_id, cluster_id) values (3, 7);
insert into course_cluster (course_id, cluster_id) values (3, 8);
insert into course_cluster (course_id, cluster_id) values (3, 9);
insert into course_cluster (course_id, cluster_id) values (4, 7);
insert into course_cluster (course_id, cluster_id) values (4, 8);
insert into course_cluster (course_id, cluster_id) values (4, 9);
insert into course_cluster (course_id, cluster_id) values (7, 7);
insert into course_cluster (course_id, cluster_id) values (7, 8);
insert into course_cluster (course_id, cluster_id) values (7, 9);
insert into course_cluster (course_id, cluster_id) values (8, 7);
insert into course_cluster (course_id, cluster_id) values (8, 8);
insert into course_cluster (course_id, cluster_id) values (8, 9);
insert into course_cluster (course_id, cluster_id) values (16, 5);
insert into course_cluster (course_id, cluster_id) values (16, 8);
insert into course_cluster (course_id, cluster_id) values (16, 9);
insert into course_cluster (course_id, cluster_id) values (17, 3);
insert into course_cluster (course_id, cluster_id) values (17, 4);
insert into course_cluster (course_id, cluster_id) values (17, 6);
insert into course_cluster (course_id, cluster_id) values (19, 2);
insert into course_cluster (course_id, cluster_id) values (19, 4);
insert into course_cluster (course_id, cluster_id) values (20, 1);
insert into course_cluster (course_id, cluster_id) values (20, 2);
insert into course_cluster (course_id, cluster_id) values (21, 1);
insert into course_cluster (course_id, cluster_id) values (21, 2);
insert into course_cluster (course_id, cluster_id) values (22, 2);
insert into course_cluster (course_id, cluster_id) values (22, 4);
insert into course_cluster (course_id, cluster_id) values (23, 1);
insert into course_cluster (course_id, cluster_id) values (23, 2);
insert into course_cluster (course_id, cluster_id) values (23, 4);
insert into course_cluster (course_id, cluster_id) values (23, 6);
insert into course_cluster (course_id, cluster_id) values (24, 3);
insert into course_cluster (course_id, cluster_id) values (24, 6);
insert into course_cluster (course_id, cluster_id) values (25, 2);
insert into course_cluster (course_id, cluster_id) values (25, 3);
insert into course_cluster (course_id, cluster_id) values (25, 4);
insert into course_cluster (course_id, cluster_id) values (26, 7);
insert into course_cluster (course_id, cluster_id) values (26, 8);
insert into course_cluster (course_id, cluster_id) values (26, 9);
insert into course_cluster (course_id, cluster_id) values (27, 2);
insert into course_cluster (course_id, cluster_id) values (27, 4);
insert into course_cluster (course_id, cluster_id) values (28, 4);
insert into course_cluster (course_id, cluster_id) values (29, 1);
insert into course_cluster (course_id, cluster_id) values (29, 2);
insert into course_cluster (course_id, cluster_id) values (29, 4);
insert into course_cluster (course_id, cluster_id) values (30, 4);
insert into course_cluster (course_id, cluster_id) values (31, 3);
insert into course_cluster (course_id, cluster_id) values (31, 6);
insert into course_cluster (course_id, cluster_id) values (31, 7);
insert into course_cluster (course_id, cluster_id) values (32, 4);
insert into course_cluster (course_id, cluster_id) values (32, 7);
insert into course_cluster (course_id, cluster_id) values (32, 8);
insert into course_cluster (course_id, cluster_id) values (32, 9);
insert into course_cluster (course_id, cluster_id) values (33, 5);
insert into course_cluster (course_id, cluster_id) values (33, 9);
insert into course_cluster (course_id, cluster_id) values (34, 2);
insert into course_cluster (course_id, cluster_id) values (34, 4);
insert into course_cluster (course_id, cluster_id) values (35, 1);
insert into course_cluster (course_id, cluster_id) values (35, 2);
insert into course_cluster (course_id, cluster_id) values (35, 4);
insert into course_cluster (course_id, cluster_id) values (36, 8);
insert into course_cluster (course_id, cluster_id) values (36, 9);
insert into course_cluster (course_id, cluster_id) values (37, 1);
insert into course_cluster (course_id, cluster_id) values (38, 3);
insert into course_cluster (course_id, cluster_id) values (38, 6);
insert into course_cluster (course_id, cluster_id) values (38, 7);
insert into course_cluster (course_id, cluster_id) values (38, 8);
insert into course_cluster (course_id, cluster_id) values (38, 9);
insert into course_cluster (course_id, cluster_id) values (39, 1);
insert into course_cluster (course_id, cluster_id) values (39, 2);
insert into course_cluster (course_id, cluster_id) values (39, 4);
insert into course_cluster (course_id, cluster_id) values (40, 7);
insert into course_cluster (course_id, cluster_id) values (40, 8);
insert into course_cluster (course_id, cluster_id) values (40, 9);
insert into course_cluster (course_id, cluster_id) values (41, 7);
insert into course_cluster (course_id, cluster_id) values (41, 8);
insert into course_cluster (course_id, cluster_id) values (41, 9);
insert into course_cluster (course_id, cluster_id) values (42, 2);
insert into course_cluster (course_id, cluster_id) values (42, 4);
insert into course_cluster (course_id, cluster_id) values (51, 2);
insert into course_cluster (course_id, cluster_id) values (51, 4);
insert into course_cluster (course_id, cluster_id) values (52, 4);
insert into course_cluster (course_id, cluster_id) values (52, 7);
insert into course_cluster (course_id, cluster_id) values (53, 4);
insert into course_cluster (course_id, cluster_id) values (54, 4);
insert into course_cluster (course_id, cluster_id) values (55, 4);
insert into course_cluster (course_id, cluster_id) values (55, 5);
insert into course_cluster (course_id, cluster_id) values (56, 3);
insert into course_cluster (course_id, cluster_id) values (56, 4);
insert into course_cluster (course_id, cluster_id) values (56, 5);
insert into course_cluster (course_id, cluster_id) values (57, 4);
insert into course_cluster (course_id, cluster_id) values (57, 7);
insert into course_cluster (course_id, cluster_id) values (58, 1);
insert into course_cluster (course_id, cluster_id) values (58, 2);
insert into course_cluster (course_id, cluster_id) values (58, 3);
insert into course_cluster (course_id, cluster_id) values (58, 4);
insert into course_cluster (course_id, cluster_id) values (58, 6);
insert into course_cluster (course_id, cluster_id) values (59, 1);
insert into course_cluster (course_id, cluster_id) values (59, 2);
insert into course_cluster (course_id, cluster_id) values (59, 3);
insert into course_cluster (course_id, cluster_id) values (60, 1);
insert into course_cluster (course_id, cluster_id) values (60, 2);
insert into course_cluster (course_id, cluster_id) values (60, 4);
insert into course_cluster (course_id, cluster_id) values (61, 2);
insert into course_cluster (course_id, cluster_id) values (61, 4);
insert into course_cluster (course_id, cluster_id) values (62, 2);
insert into course_cluster (course_id, cluster_id) values (62, 4);
insert into course_cluster (course_id, cluster_id) values (63, 8);
insert into course_cluster (course_id, cluster_id) values (63, 9);
insert into course_cluster (course_id, cluster_id) values (64, 4);
insert into course_cluster (course_id, cluster_id) values (65, 1);
insert into course_cluster (course_id, cluster_id) values (65, 5);
insert into course_cluster (course_id, cluster_id) values (66, 3);
insert into course_cluster (course_id, cluster_id) values (66, 6);
insert into course_cluster (course_id, cluster_id) values (67, 3);
insert into course_cluster (course_id, cluster_id) values (67, 6);
insert into course_cluster (course_id, cluster_id) values (67, 7);
insert into course_cluster (course_id, cluster_id) values (68, 7);
insert into course_cluster (course_id, cluster_id) values (68, 8);
insert into course_cluster (course_id, cluster_id) values (68, 9);
insert into course_cluster (course_id, cluster_id) values (69, 1);
insert into course_cluster (course_id, cluster_id) values (69, 2);
insert into course_cluster (course_id, cluster_id) values (69, 3);
insert into course_cluster (course_id, cluster_id) values (69, 4);
insert into course_cluster (course_id, cluster_id) values (69, 6);
insert into course_cluster (course_id, cluster_id) values (70, 1);
insert into course_cluster (course_id, cluster_id) values (70, 2);
insert into course_cluster (course_id, cluster_id) values (71, 4);
insert into course_cluster (course_id, cluster_id) values (71, 5);
insert into course_cluster (course_id, cluster_id) values (72, 3);
insert into course_cluster (course_id, cluster_id) values (72, 4);

